"","recording","rBeta0","rBeta0Lower","rBeta0Upper","rP0","rBeta1","rBeta1Lower","rBeta1Upper","rP1","rBeta3","rBeta3Lower","rBeta3Upper","rP3"
"1","0054_000603",0.350441392319579,0.198486816115643,0.502395968523515,3.1373720074947e-09,0.292063462732458,0.139853110332938,0.444273815131978,8.04997905764637e-07,0.263639932191537,0.111408077498753,0.415871786884322,8.37939119409456e-06
"2","0196_000902",-0.079257091056379,-0.213062116406683,0.0545479342939247,0.126918596960957,-0.0666159443557855,-0.200984200790394,0.0677523120788226,0.201381921257682,-0.0672426459265449,-0.201674847055062,0.0671895552019724,0.197388765506247
"3","0274_000221",-0.250407243935461,-0.423581956699439,-0.0772325311714837,0.000199682827508324,-0.185101860976189,-0.358089082445687,-0.0121146395066905,0.00585650965355781,-0.104810922751867,-0.278489634886355,0.0688677893826204,0.119775304865557
"4","0344_000913",-0.06734219314298,-0.329250209453608,0.194565823167649,0.507110668154756,-0.074413235074599,-0.335692717122026,0.186866246972828,0.462497726794064,-0.088814647538494,-0.349601797667277,0.171972502590289,0.379650479402278
"5","0833_010606",0.00660347801875347,-0.0838339807366957,0.0970409367742026,0.850729610357338,-0.0156231471915953,-0.106663786302955,0.0754174919197645,0.658289227765031,-0.00902480084060128,-0.0998725215697585,0.081822919888556,0.797928509720705
"6","all",-0.0319261524384564,-0.0587575345123668,0.0612462276391836,0.76677828647332,-0.00620787024349656,-0.106663786302955,0.0754174919197645,0.78669481662438,0.00256358062793407,-0.0998725215697585,0.081822919888556,0.911521243379847
