"","recording","rBeta0","rBeta0Lower","rBeta0Upper","rP0","rBeta1","rBeta1Lower","rBeta1Upper","rP1","rBeta3","rBeta3Lower","rBeta3Upper","rP3"
"1","0054_000603",0.237699689415539,0.0375319780294114,0.437867400801667,0.00223720874288114,0.157855876037372,-0.0358100706659324,0.351521822740677,0.0356694049681861,0.151039026605064,-0.0404360278386076,0.342514081048736,0.042042738131988
"2","0196_000902",-0.162555729341411,-0.350401867441651,0.0252904087588295,0.0257547226367533,-0.168340055275129,-0.354830328052926,0.0181502175026679,0.0200295989280892,-0.159887222781077,-0.34697695671427,0.0272025111521162,0.0276501743675783
"3","0274_000221",-0.269986256643222,-0.507352830659666,-0.0326196826267782,0.00341618101258237,-0.136280189085278,-0.376679085047126,0.10411870687657,0.143521056892029,-0.0985369107792858,-0.346351434838703,0.149277613280131,0.304673007837661
"4","0300_000607",-0.0938641352506112,-0.580693217059706,0.392964946558484,0.616105011941936,-0.132824726032305,-0.611359432209377,0.345709980144768,0.470604020456263,-0.0608309426672183,-0.522042668548163,0.400380783213726,0.731563732135361
"5","0344_000913",-0.010933660457271,-0.320132994687989,0.298265673773447,0.927214500433735,-0.0359094912692236,-0.349169681946481,0.277350699408033,0.767137068999968,-0.0535932659499775,-0.368206637195657,0.261020105295702,0.659917656329566
"6","0437_010603",-0.0229615476086754,-0.192791942260509,0.146868847043159,0.727251946155583,-0.0717210066827769,-0.2460845629821,0.102642549616546,0.288751271964718,-0.0629091015961855,-0.238910117729529,0.113091914537158,0.356567948641457
"7","0833_010606",-0.00780794160352147,-0.129449820831141,0.113833937624099,0.868500393344632,-0.0254780862457129,-0.149489639266697,0.0985334667752709,0.596181785536066,-0.014527939694396,-0.137104701678817,0.108048822290025,0.759829890877665
"8","all",-0.0825722740962836,-0.200825740287595,0.0782233554465764,0.270770762729012,-0.0610675954660635,-0.149489639266697,0.0985334667752709,0.241044460455012,-0.0500471844254047,-0.137104701678817,0.108048822290025,0.292045951839589
