"","simType","fitType","mean","sd"
"1","nonInteractive","noTurns",0.443058416451517,0.0871424417138436
"2","nonInteractive","wTurns",0.504453018218767,0.287364002042354
"3","nonInteractive","onlyTurns",0.272370177194607,0.191917538184674
"4","a2interactive","noTurns",0.72826703037584,0.311855692515282
"5","a2interactive","wTurns",0.465266848319437,0.246791544456081
"6","a2interactive","onlyTurns",0.130069137840578,0.0848513442733408
"7","bidirectional","noTurns",0.435034179561243,0.10639994433626
"8","bidirectional","wTurns",0.913429913361605,0.23042475616574
"9","bidirectional","onlyTurns",0.243425795363672,0.17578734623127
