"","simType","mean","sd"
"1","nonInteractive",0.163535437329384,0.130202563494333
"2","a2interactive",0.148172709883198,0.0478932120998656
"3","bidirectional",0.168933077978901,0.0475058032292527
