"","recording","rBeta0","rBeta0Lower","rBeta0Upper","rP0","rBeta1","rBeta1Lower","rBeta1Upper","rP1","rBeta3","rBeta3Lower","rBeta3Upper","rP3"
"1","all",-0.107674664838318,-0.363605237137722,0.119841427843633,0.221158919157037,-0.0473193785878446,-0.214382542624801,0.0858660155401453,0.359877307629187,-0.0238830792414648,-0.167248722605773,0.0845117113284212,0.560993746834223
