"","recording","rBeta0","rBeta0Lower","rBeta0Upper","rP0","rBeta1","rBeta1Lower","rBeta1Upper","rP1","rBeta3","rBeta3Lower","rBeta3Upper","rP3"
"1","all",-0.111558403817803,-0.296943878170107,0.0586818739398835,0.103336739977068,-0.0554267676128138,-0.181536730443154,0.0590781870631879,0.209707172823631,-0.056560090269952,-0.165512303899891,0.0351002189593857,0.16422776111417
