"","recording","rBeta0","rBeta0Lower","rBeta0Upper","rP0","rBeta1","rBeta1Lower","rBeta1Upper","rP1","rBeta3","rBeta3Lower","rBeta3Upper","rP3"
"1","0054_000603",0.113010667314941,-0.0428154497094848,0.268836784339367,0.061444208524912,0.0961648666941983,-0.0629848755559613,0.255314608944358,0.119024323655014,0.0612996898188868,-0.100229809035543,0.222829188673317,0.327283598811033
"2","0196_000902",-0.13861334184923,-0.293250292959654,0.0160236092611953,0.0208733088443373,-0.114203829143715,-0.275930730704061,0.0475230724166304,0.0685090889580027,-0.0909617335534174,-0.254340616821692,0.0724171497148573,0.150703222715008
"3","0274_000221",-0.251100837588235,-0.461796843993929,-0.0404048311825412,0.00218618179659985,-0.086157898593823,-0.311155602606436,0.13883980541879,0.321986651510333,-0.0676297821340187,-0.297063265569193,0.161803701301155,0.445706591684401
"4","0300_000607",-0.184153366481715,-0.587053014441837,0.218746281478406,0.23569152586557,-0.0724682446634443,-0.46968836707666,0.324751877749771,0.635438463712008,-0.105407528266313,-0.503128654350512,0.292313597817887,0.491156381691345
"5","0344_000913",-0.201592750570093,-0.44741772388017,0.0442322227399847,0.0342497332093629,-0.250194125672453,-0.513690413440387,0.0133021620954809,0.0143872448113004,-0.25805246017953,-0.528590773623724,0.0124858532646628,0.0139529744352844
"6","0437_010603",0.0191392853649226,-0.114476943777117,0.152755514506963,0.711630001349068,0.00360688841978775,-0.127113919531051,0.134327696370626,0.943229459863347,-0.0114790486477267,-0.141689003266153,0.1187309059707,0.820020194513484
"7","0833_010606",-0.077840104772368,-0.154429371540892,-0.00125083800384378,0.00884962586816273,-0.0710518404969279,-0.147541646321488,0.00543796532763213,0.0167095109578656,-0.0765557404265132,-0.152782240163175,-0.000329240689851795,0.00968346724183857
"8","all",-0.111558403817803,-0.296943878170107,0.0586818739398835,0.103336739977068,-0.0554267676128138,-0.181536730443154,0.0590781870631879,0.209707172823631,-0.056560090269952,-0.165512303899891,0.0351002189593857,0.16422776111417
