"","simType","rBeta0","rBeta0Lower","rBeta0Upper","rP0","rBeta1","rBeta1Lower","rBeta1Upper","rP1","rBeta3","rBeta3Lower","rBeta3Upper","rP3"
"1","nonInteractive",0.0506929066050573,0.00580194159662588,0.0961944978972888,0.00637353370644648,0.0464274284368371,0.000757345362027727,0.0912136834630204,0.00578079076937946,0.0412219405973214,0.000959622831608636,0.0812296430493609,0.0114941413493669
"2","a2interactive",-0.241006273906232,-0.289727680335992,-0.192090903130557,2.86274816220472e-11,-0.0293746564553488,-0.0689621837928149,0.010569600393727,0.057490489101252,0.0253310056975776,-0.00397768917162449,0.0548035834243248,0.0321523634307123
"3","bidirectional",-0.238829893829341,-0.284234203283055,-0.193420617659096,1.12355907521895e-11,-0.141050997619735,-0.173889466318951,-0.108189087341756,3.1408865366009e-10,-0.132361581240181,-0.163868403252858,-0.100607387662571,6.10468280567378e-10
