"","simType","rBeta0","rP0","rBeta1","rP1","rBeta3","rP3"
"1","nonInteractive",0.0506929066050573,0.00637353370644648,0.0464274284368371,0.00578079076937946,0.0412219405973214,0.0114941413493669
"2","a2interactive",-0.241006273906232,2.86274816220472e-11,-0.0293746564553488,0.057490489101252,0.0253310056975776,0.0321523634307123
"3","bidirectional",-0.238829893829341,1.12355907521895e-11,-0.141050997619735,3.1408865366009e-10,-0.132361581240181,6.10468280567378e-10
